Workbook

Sheet Editable_Report
A1: MGM-VARVEL | DS-021-0046 editable product data
A2: Edit Value and Unit only. Status becomes Edited when a cell differs from Original_Data. Do not rename Field labels or delete rows. Original catalogue values are kept on Original_Data.
A4: Key | B4: Field | C4: Value | D4: Unit | E4: Source | F4: Status
A5: catalog_designation | B5: Catalog Designation | C5: GEARBOX RF 042 - IEC 90 B5 1: 36.53 - MOUNTING POSITION M1 - OUTPUT FLANGE D160 + SMX IEC 90 B5 | E5: DS-021-0046 | F5: =IF(AND(C5&""=Original_Data!C5&"",D5&""=Original_Data!D5&""),"Auto","Edited")
A6: product_family | B6: Product family line | C6: Parallel Helical Gear Motors (RF Series) + AC motors SMX.. (IE3) | E6: DS-021-0046 | F6: =IF(AND(C6&""=Original_Data!C6&"",D6&""=Original_Data!D6&""),"Auto","Edited")
A7: document_id | B7: Document number | C7: DS-021-0046 | E7: DS-021-0046 | F7: =IF(AND(C7&""=Original_Data!C7&"",D7&""=Original_Data!D7&""),"Auto","Edited")
A8: disclaimer | B8: Disclaimer | C8: The present product information does not represent a quotation in legal terms. Technical data must be confirmed in a final technical verification. This verification is performed when creating the quotation/order. | E8: DS-021-0046 | F8: =IF(AND(C8&""=Original_Data!C8&"",D8&""=Original_Data!D8&""),"Auto","Edited")
A9: rated_motor_power | B9: Rated motor power | C9: 1.5 | D9: kW | E9: Selection tables RF pp.37-45 / RK pp.71-78 | F9: =IF(AND(C9&""=Original_Data!C9&"",D9&""=Original_Data!D9&""),"Auto","Edited")
A10: rated_motor_speed | B10: Rated motor speed | C10: 1439.3 | D10: rpm | E10: Symbols p.11: i = n1/n2 together with tabulated n2 and i | F10: =IF(AND(C10&""=Original_Data!C10&"",D10&""=Original_Data!D10&""),"Auto","Edited")
A11: overall_gear_ratio | B11: Overall gear ratio | C11: 36.53 | D11: i | E11: Selection tables column i | F11: =IF(AND(C11&""=Original_Data!C11&"",D11&""=Original_Data!D11&""),"Auto","Edited")
A12: output_speed | B12: Output speed | C12: 39.4 | D12: rpm | E12: Selection tables column n2 | F12: =IF(AND(C12&""=Original_Data!C12&"",D12&""=Original_Data!D12&""),"Auto","Edited")
A13: output_torque | B13: Output torque | C13: 349 | D13: Nm | E13: Selection tables column M2 | F13: =IF(AND(C13&""=Original_Data!C13&"",D13&""=Original_Data!D13&""),"Auto","Edited")
A14: service_factor | B14: Service factor | C14: 1.1 | E14: Selection tables column FS | F14: =IF(AND(C14&""=Original_Data!C14&"",D14&""=Original_Data!D14&""),"Auto","Edited")
A15: output_shaft_type | B15: Output shaft type | C15: Hollow with keyway | E15: Designation p.16: AC / AS / AD / ACC | F15: =IF(AND(C15&""=Original_Data!C15&"",D15&""=Original_Data!D15&""),"Auto","Edited")
A16: output_shaft_dimensions | B16: Output shaft dimensions | C16: ø35H7 | D16: mm | E16: p.14-15 D; p.65/95 ACC; p.94 RK AS | F16: =IF(AND(C16&""=Original_Data!C16&"",D16&""=Original_Data!D16&""),"Auto","Edited")
A17: permitted_output_overhung_load | B17: Permitted output overhung load | C17: 6400 | D17: N | E17: Selection tables column Fr2 | F17: =IF(AND(C17&""=Original_Data!C17&"",D17&""=Original_Data!D17&""),"Auto","Edited")
A18: direction_of_rotation | B18: Direction of rotation | C18: Bi-directional | E18: p.96 Output Direction of Rotation with Backstop | F18: =IF(AND(C18&""=Original_Data!C18&"",D18&""=Original_Data!D18&""),"Auto","Edited")
A19: mounting_position | B19: Mounting position | C19: M1 | E19: pp.18-19 M1-M6 | F19: =IF(AND(C19&""=Original_Data!C19&"",D19&""=Original_Data!D19&""),"Auto","Edited")
A20: flange_diameter | B20: Flange diamter (If flange mounted) | C20: 160 | D20: mm | E20: p.14-15 output flange P (mm) | F20: =IF(AND(C20&""=Original_Data!C20&"",D20&""=Original_Data!D20&""),"Auto","Edited")
A21: lubricant_type | B21: Lubricant type | C21: ISO VG 320 | E21: p.13 Grade ISO VG 320; p.22 oil type table | F21: =IF(AND(C21&""=Original_Data!C21&"",D21&""=Original_Data!D21&""),"Auto","Edited")
A22: lubricant_quantity | B22: Lubricant quantity | C22: 2 | D22: Litres | E22: pp.18-19 oil quantity by size and M1-M6 | F22: =IF(AND(C22&""=Original_Data!C22&"",D22&""=Original_Data!D22&""),"Auto","Edited")
A23: position_of_terminal_box | B23: Position of terminal box | C23: KP1 | E23: p.17 designation X3 terminal box; DS diagram KP1-KP4 | F23: =IF(AND(C23&""=Original_Data!C23&"",D23&""=Original_Data!D23&""),"Auto","Edited")
A24: cable_entry_position | B24: Cable entry position | C24: A | E24: DS diagram A; catalogue terminal-box options | F24: =IF(AND(C24&""=Original_Data!C24&"",D24&""=Original_Data!D24&""),"Auto","Edited")
A25: finished_paint_colour | B25: Finished paint colour | C25: Required value not found in catalogue. | E25: NOT IDENTIFIED in RF-RK catalogue (painting note p.98 only) | F25: =IF(AND(C25&""=Original_Data!C25&"",D25&""=Original_Data!D25&""),"Auto","Edited")
A26: motor_type | B26: Motor type | C26: Standard | E26: p.28 BAX brake / SMX standard | F26: =IF(AND(C26&""=Original_Data!C26&"",D26&""=Original_Data!D26&""),"Auto","Edited")
A27: number_of_poles | B27: Number of poles | C27: 4 | D27: nos | E27: Gearmotor tables use n2 consistent with 4-pole ~1440 rpm (50 Hz) | F27: =IF(AND(C27&""=Original_Data!C27&"",D27&""=Original_Data!D27&""),"Auto","Edited")
A28: duration_factor | B28: Duration factor | C28: S1-100 | D28: % | E28: p.28-29 continuous duty S1 | F28: =IF(AND(C28&""=Original_Data!C28&"",D28&""=Original_Data!D28&""),"Auto","Edited")
A29: efficiency_class | B29: Efficiency class | C29: IE3 | E29: p.13 / p.28 IE2 / IE3; constructive features list IE3, IE2 | F29: =IF(AND(C29&""=Original_Data!C29&"",D29&""=Original_Data!D29&""),"Auto","Edited")
A30: efficiency | B30: Efficiency | C30: Required value not found in catalogue. | D30: % | E30: NOT IDENTIFIED — no η% motor table in RF-RK catalogue | F30: =IF(AND(C30&""=Original_Data!C30&"",D30&""=Original_Data!D30&""),"Auto","Edited")
A31: ce_marking | B31: CE Marking | C31: Yes | E31: p.31 CE Mark | F31: =IF(AND(C31&""=Original_Data!C31&"",D31&""=Original_Data!D31&""),"Auto","Edited")
A32: motor_voltage | B32: Motor voltage | C32: 240 / 415 | D32: V | E32: p.28 Δ 240 V Y 415 V | F32: =IF(AND(C32&""=Original_Data!C32&"",D32&""=Original_Data!D32&""),"Auto","Edited")
A33: frequency | B33: Frequency | C33: 50 | D33: Hz | E33: p.28 50 Hz | F33: =IF(AND(C33&""=Original_Data!C33&"",D33&""=Original_Data!D33&""),"Auto","Edited")
A34: rated_current | B34: Rated current | C34: Required value not found in catalogue. | D34: A | E34: NOT IDENTIFIED — no I (A) motor table in RF-RK catalogue | F34: =IF(AND(C34&""=Original_Data!C34&"",D34&""=Original_Data!D34&""),"Auto","Edited")
A35: power_factor | B35: Power factor | C35: Required value not found in catalogue. | D35: Cos ø | E35: NOT IDENTIFIED — no cos φ motor table in RF-RK catalogue | F35: =IF(AND(C35&""=Original_Data!C35&"",D35&""=Original_Data!D35&""),"Auto","Edited")
A36: insulation_class | B36: Insulation class | C36: F | E36: p.28 insulation class F | F36: =IF(AND(C36&""=Original_Data!C36&"",D36&""=Original_Data!D36&""),"Auto","Edited")
A37: protection_class | B37: Protection class | C37: IP 55 | E37: p.28 IP 55 | F37: =IF(AND(C37&""=Original_Data!C37&"",D37&""=Original_Data!D37&""),"Auto","Edited")
A38: design_requirement | B38: Design requirement | C38: Europe (CE) | E38: p.31 CE / Europe market marking | F38: =IF(AND(C38&""=Original_Data!C38&"",D38&""=Original_Data!D38&""),"Auto","Edited")
A39: weight | B39: Weight | C39: 33 (gear unit only; motor mass not tabulated) | D39: kgs | E39: Selection tables Mass * kgs — gear unit WITHOUT motor (footnote) | F39: =IF(AND(C39&""=Original_Data!C39&"",D39&""=Original_Data!D39&""),"Auto","Edited")
A40: additional_features | B40: Additional Features | E40: Blank in DS example unless option selected | F40: =IF(AND(C40&""=Original_Data!C40&"",D40&""=Original_Data!D40&""),"Auto","Edited")

Sheet Original_Data
A1: MGM-VARVEL | DS-021-0046 editable product data
A2: Edit Value and Unit only. Status becomes Edited when a cell differs from Original_Data. Do not rename Field labels or delete rows. Original catalogue values are kept on Original_Data.
A4: Key | B4: Field | C4: Value | D4: Unit | E4: Source | F4: Status
A5: catalog_designation | B5: Catalog Designation | C5: GEARBOX RF 042 - IEC 90 B5 1: 36.53 - MOUNTING POSITION M1 - OUTPUT FLANGE D160 + SMX IEC 90 B5 | E5: DS-021-0046 | F5: Auto
A6: product_family | B6: Product family line | C6: Parallel Helical Gear Motors (RF Series) + AC motors SMX.. (IE3) | E6: DS-021-0046 | F6: Auto
A7: document_id | B7: Document number | C7: DS-021-0046 | E7: DS-021-0046 | F7: Auto
A8: disclaimer | B8: Disclaimer | C8: The present product information does not represent a quotation in legal terms. Technical data must be confirmed in a final technical verification. This verification is performed when creating the quotation/order. | E8: DS-021-0046 | F8: Auto
A9: rated_motor_power | B9: Rated motor power | C9: 1.5 | D9: kW | E9: Selection tables RF pp.37-45 / RK pp.71-78 | F9: Auto
A10: rated_motor_speed | B10: Rated motor speed | C10: 1439.3 | D10: rpm | E10: Symbols p.11: i = n1/n2 together with tabulated n2 and i | F10: Auto
A11: overall_gear_ratio | B11: Overall gear ratio | C11: 36.53 | D11: i | E11: Selection tables column i | F11: Auto
A12: output_speed | B12: Output speed | C12: 39.4 | D12: rpm | E12: Selection tables column n2 | F12: Auto
A13: output_torque | B13: Output torque | C13: 349 | D13: Nm | E13: Selection tables column M2 | F13: Auto
A14: service_factor | B14: Service factor | C14: 1.1 | E14: Selection tables column FS | F14: Auto
A15: output_shaft_type | B15: Output shaft type | C15: Hollow with keyway | E15: Designation p.16: AC / AS / AD / ACC | F15: Auto
A16: output_shaft_dimensions | B16: Output shaft dimensions | C16: ø35H7 | D16: mm | E16: p.14-15 D; p.65/95 ACC; p.94 RK AS | F16: Auto
A17: permitted_output_overhung_load | B17: Permitted output overhung load | C17: 6400 | D17: N | E17: Selection tables column Fr2 | F17: Auto
A18: direction_of_rotation | B18: Direction of rotation | C18: Bi-directional | E18: p.96 Output Direction of Rotation with Backstop | F18: Auto
A19: mounting_position | B19: Mounting position | C19: M1 | E19: pp.18-19 M1-M6 | F19: Auto
A20: flange_diameter | B20: Flange diamter (If flange mounted) | C20: 160 | D20: mm | E20: p.14-15 output flange P (mm) | F20: Auto
A21: lubricant_type | B21: Lubricant type | C21: ISO VG 320 | E21: p.13 Grade ISO VG 320; p.22 oil type table | F21: Auto
A22: lubricant_quantity | B22: Lubricant quantity | C22: 2 | D22: Litres | E22: pp.18-19 oil quantity by size and M1-M6 | F22: Auto
A23: position_of_terminal_box | B23: Position of terminal box | C23: KP1 | E23: p.17 designation X3 terminal box; DS diagram KP1-KP4 | F23: Auto
A24: cable_entry_position | B24: Cable entry position | C24: A | E24: DS diagram A; catalogue terminal-box options | F24: Auto
A25: finished_paint_colour | B25: Finished paint colour | C25: Required value not found in catalogue. | E25: NOT IDENTIFIED in RF-RK catalogue (painting note p.98 only) | F25: Auto
A26: motor_type | B26: Motor type | C26: Standard | E26: p.28 BAX brake / SMX standard | F26: Auto
A27: number_of_poles | B27: Number of poles | C27: 4 | D27: nos | E27: Gearmotor tables use n2 consistent with 4-pole ~1440 rpm (50 Hz) | F27: Auto
A28: duration_factor | B28: Duration factor | C28: S1-100 | D28: % | E28: p.28-29 continuous duty S1 | F28: Auto
A29: efficiency_class | B29: Efficiency class | C29: IE3 | E29: p.13 / p.28 IE2 / IE3; constructive features list IE3, IE2 | F29: Auto
A30: efficiency | B30: Efficiency | C30: Required value not found in catalogue. | D30: % | E30: NOT IDENTIFIED — no η% motor table in RF-RK catalogue | F30: Auto
A31: ce_marking | B31: CE Marking | C31: Yes | E31: p.31 CE Mark | F31: Auto
A32: motor_voltage | B32: Motor voltage | C32: 240 / 415 | D32: V | E32: p.28 Δ 240 V Y 415 V | F32: Auto
A33: frequency | B33: Frequency | C33: 50 | D33: Hz | E33: p.28 50 Hz | F33: Auto
A34: rated_current | B34: Rated current | C34: Required value not found in catalogue. | D34: A | E34: NOT IDENTIFIED — no I (A) motor table in RF-RK catalogue | F34: Auto
A35: power_factor | B35: Power factor | C35: Required value not found in catalogue. | D35: Cos ø | E35: NOT IDENTIFIED — no cos φ motor table in RF-RK catalogue | F35: Auto
A36: insulation_class | B36: Insulation class | C36: F | E36: p.28 insulation class F | F36: Auto
A37: protection_class | B37: Protection class | C37: IP 55 | E37: p.28 IP 55 | F37: Auto
A38: design_requirement | B38: Design requirement | C38: Europe (CE) | E38: p.31 CE / Europe market marking | F38: Auto
A39: weight | B39: Weight | C39: 33 (gear unit only; motor mass not tabulated) | D39: kgs | E39: Selection tables Mass * kgs — gear unit WITHOUT motor (footnote) | F39: Auto
A40: additional_features | B40: Additional Features | E40: Blank in DS example unless option selected | F40: Auto

Sheet Change_Log
A1: Change log (Auto vs Edited)
A2: This sheet does not appear on the final DS-021-0046 PDF. It is for review only.
A4: Field | B4: Original Value | C4: Original Unit | D4: Edited Value | E4: Edited Unit | F4: Status
A5: =Editable_Report!B5 | B5: =Original_Data!C5 | C5: =Original_Data!D5 | D5: =Editable_Report!C5 | E5: =Editable_Report!D5 | F5: =Editable_Report!F5
A6: =Editable_Report!B6 | B6: =Original_Data!C6 | C6: =Original_Data!D6 | D6: =Editable_Report!C6 | E6: =Editable_Report!D6 | F6: =Editable_Report!F6
A7: =Editable_Report!B7 | B7: =Original_Data!C7 | C7: =Original_Data!D7 | D7: =Editable_Report!C7 | E7: =Editable_Report!D7 | F7: =Editable_Report!F7
A8: =Editable_Report!B8 | B8: =Original_Data!C8 | C8: =Original_Data!D8 | D8: =Editable_Report!C8 | E8: =Editable_Report!D8 | F8: =Editable_Report!F8
A9: =Editable_Report!B9 | B9: =Original_Data!C9 | C9: =Original_Data!D9 | D9: =Editable_Report!C9 | E9: =Editable_Report!D9 | F9: =Editable_Report!F9
A10: =Editable_Report!B10 | B10: =Original_Data!C10 | C10: =Original_Data!D10 | D10: =Editable_Report!C10 | E10: =Editable_Report!D10 | F10: =Editable_Report!F10
A11: =Editable_Report!B11 | B11: =Original_Data!C11 | C11: =Original_Data!D11 | D11: =Editable_Report!C11 | E11: =Editable_Report!D11 | F11: =Editable_Report!F11
A12: =Editable_Report!B12 | B12: =Original_Data!C12 | C12: =Original_Data!D12 | D12: =Editable_Report!C12 | E12: =Editable_Report!D12 | F12: =Editable_Report!F12
A13: =Editable_Report!B13 | B13: =Original_Data!C13 | C13: =Original_Data!D13 | D13: =Editable_Report!C13 | E13: =Editable_Report!D13 | F13: =Editable_Report!F13
A14: =Editable_Report!B14 | B14: =Original_Data!C14 | C14: =Original_Data!D14 | D14: =Editable_Report!C14 | E14: =Editable_Report!D14 | F14: =Editable_Report!F14
A15: =Editable_Report!B15 | B15: =Original_Data!C15 | C15: =Original_Data!D15 | D15: =Editable_Report!C15 | E15: =Editable_Report!D15 | F15: =Editable_Report!F15
A16: =Editable_Report!B16 | B16: =Original_Data!C16 | C16: =Original_Data!D16 | D16: =Editable_Report!C16 | E16: =Editable_Report!D16 | F16: =Editable_Report!F16
... A40: =Editable_Report!B40 | B40: =Original_Data!C40 | C40: =Original_Data!D40 | D40: =Editable_Report!C40 | E40: =Editable_Report!D40 | F40: =Editable_Report!F40

Sheet Source_Info
A1: Source / selection traceability
A2: Not included in the final PDF unless DS-021-0046 requires it.
A4: Item | B4: Value
A5: Product series | B5: RF
A6: Catalogue model | B6: RF 042 - IEC 90 B5
A7: Catalogue record id | B7: 51
A8: Selected power | B8: 1.5
A9: Selected ratio | B9: 36.53
A10: Catalogue page | B10: 38
A11: Catalogue table | B11: Section 15 - Selection Tables - Parallel Helical Gear Motors (RF)
A12: Catalogue reference | B12: RF-RK Catalogue
A13: Output document | B13: DS-021-0046
A14: Generation date/time | B14: 2026-09-24 16:04:15
A15: Weight note | B15: Catalogue mass is gear unit only (without motor). Complete unit weight is not tabulated.
